source,question,answer,label,target
open_qa,what composer used sound mass,"Composers and works include Barbara Kolb , Pauline Oliveros ' Sound Patterns for chorus (1961), Norma Beecroft 's From Dreams of Brass for chorus (1963–1964), and Nancy Van de Vate .A very early example is the opening of Jean-Féry Rebel 's ballet Les Elémens (1737–38), where chaos is represented by a gradually cumulating orchestral cluster of all seven notes of the D minor scale (Henck 2004, pp. 52–54).A later example is the third movement of Ruth Crawford Seeger 's String Quartet 1931 (Nonesuch H-71280) while more recently Phill Niblock 's multiple drone based music serves as an example.The use of ""chords approaching timbres"" begins with Debussy and Edgard Varèse often carefully scored individual instrumental parts so that they would fuse into one ensemble timbre or sound mass (Erickson 1975, pp. 18 and 21).Other examples include European ""textural"" compositions of the fifties and sixties such as Krzysztof Penderecki 's Threnody to the Victims of Hiroshima (1959) and György Ligeti 's works featuring micropolyphony in works like Atmosphères (1961) and his Requiem (1963-65).Other composers with works using this technique include Henryk Górecki , Karel Husa , Witold Lutosławski , Kazimierz Serocki , and Steven Stucky .Sound mass techniques also appear in the music of George Crumb (Anon. n.d.).",human,0
open_qa,what composer used sound mass,"Sound mass is a term used to describe a type of texture in music that is characterized by a dense, homogenous sound created by the layering and combining of multiple voices or instruments. There are many composers who have used sound mass techniques in their compositions, including:\n\nPierre Boulez: Boulez was a French composer and conductor who was known for his use of sound mass techniques in his compositions. He often used these techniques to create a sense of density and complexity in his music.\n\nGyörgy Ligeti: Ligeti was a Hungarian-Austrian composer who was known for his use of sound mass techniques in his music. His compositions often featured complex, layered textures that were created by the layering and combining of multiple voices or instruments.\n\nKarlheinz Stockhausen: Stockhausen was a German composer who was known for his innovative use of sound mass techniques in his music. He often used these techniques to create a sense of density and complexity in his compositions.\n\nJohn Adams: Adams is an American composer who has also used sound mass techniques in his music. His compositions often feature dense, layered textures created by the layering and combining of multiple voices or instruments.\n\nArvo Pärt: Pärt is an Estonian composer who is known for his use of sound mass techniques in his music. His compositions often feature dense, homogenous textures created by the layering and combining of multiple voices or instruments.",ai,1
open_qa,what composer used sound mass,"Sound mass is a compositional technique that involves the use of dense clusters of sound to create a harmonically and timbrally rich texture. It was first developed by the French composer Edgard Varèse in the early 20th century and has been used by many other composers since then. Some other composers who have used sound mass in their works include Karlheinz Stockhausen, Gyorgy Ligeti, and Iannis Xenakis.",ai,1
open_qa,what composer used sound mass,"The term ""sound mass"" refers to a musical texture characterized by a dense, homogeneous sound that is created through the layering of many different pitches and timbres. This technique has been used by a number of composers in various musical styles, including classical, experimental, and electronic music.\n\nOne well-known composer who made extensive use of sound mass in his music is Gyorgy Ligeti. Ligeti was a Hungarian composer who was associated with the avant-garde movement in the mid-20th century. He is perhaps best known for his use of micropolyphony, which involves the layering of multiple independent lines of music that create a dense, complex texture. Many of Ligeti's works, including his piano etudes and his chamber music, feature extensive use of sound mass.\n\nOther composers who have made use of sound mass in their music include Olivier Messiaen, Pierre Boulez, and Karlheinz Stockhausen. Sound mass is also a common technique in electronic and experimental music, where it is often created using synthesizers and other electronic sound-generating devices.",ai,1
open_qa,where did the persian war take place,"The Greco-Persian Wars (also often called the Persian Wars) were a series of conflicts between the Achaemenid Empire of Persia and city-states of the Hellenic world that started in 499 BC and lasted until 449 BC.In 494 BC, the Persians regrouped, and attacked the epicentre of the revolt in Miletus.At the Battle of Lade , the Ionians suffered a decisive defeat, and the rebellion collapsed, with the final members being stamped out the following year.Seeking to secure his empire from further revolts and from the interference of the mainland Greeks, Darius embarked on a scheme to conquer Greece and to punish Athens and Eretria for burning Sardis.The actions of the general Pausanias at the siege of Byzantium alienated many of the Greek states from the Spartans, and the anti-Persian alliance was therefore reconstituted around Athenian leadership, as the so-called Delian League .At the Battle of the Eurymedon in 466 BC, the League won a double victory that finally secured freedom for the cities of Ionia.A fleet was sent to Cyprus in 451 BC, but achieved little, and when it withdrew the Greco-Persian Wars drew to a quiet end.",human,0
open_qa,where did the persian war take place,"The Persian Wars were a series of conflicts fought between the Greek city-states and the Persian Empire in the 5th century BC. The wars took place mainly in the western and central regions of Anatolia (modern-day Turkey), as well as in other parts of the Aegean Sea and the Black Sea. The Persians, led by their kings Xerxes I and Darius I, sought to expand their empire and bring the Greek city-states under their control. The Greeks, led by the city-states of Athens and Sparta, resisted the Persian invasions and eventually succeeded in defeating them. The wars had a significant impact on the development of western civilization and the growth of the Greek city-states.",ai,1
open_qa,where did the persian war take place,"The Persian Wars, also known as the Greco-Persian Wars, were a series of conflicts fought between the Greek city-states and the Achaemenid Empire of Persia in the 5th century BCE. The wars took place primarily in the western and eastern regions of the Aegean Sea, and also in the region of Anatolia (modern-day Turkey) and the Black Sea. The main theater of the conflict was the region of Ionia, located on the coast of modern-day Turkey, where the Greeks and Persians clashed over control of the region. The Persians also invaded and occupied parts of Greece during the wars, including the city of Athens, which was ultimately able to repel the Persians with the help of its allies. The wars ended in 449 BCE with the signing of the Peace of Callias, which recognized the independence of the Greek city-states and ended the threat of further Persian invasions.",ai,1
open_qa,where did the persian war take place,"The Persian Wars were a series of conflicts fought between the Greek city-states and the Persian Empire in the 5th century BCE. The wars took place primarily in the region of Greece, although some battles also occurred in other parts of the Persian Empire, including present-day Turkey and Iraq. The main causes of the wars were the expansionist policies of the Persian Empire, which sought to extend its control over the Greek city-states, and the desire of the Greeks to defend their independence and way of life. The wars were characterized by a number of significant battles, including the Battle of Marathon, the Battle of Thermopylae, and the Battle of Plataea, which are still remembered and studied today for their historical and cultural significance.",ai,1
open_qa,what are add ons,"Plug-in (computing) , a piece of software which enhances another software application and usually cannot be run independentlyBrowser extension , which modifies the interface and/or behavior of web browsersAdd-on (Mozilla) , a piece of software that enhances and customizes Mozilla-based applicationsAdd-ons for Firefox (addons.mozilla.org), the official Mozilla Foundation web site which serves as a repository of add-ons for Mozilla-based applicationsPeripheral , an optional computer hardware component that significantly supplements or enhances the functionality of the original unitVideo game accessory , a piece of hardware used in conjunction with a video game console for playing video games",human,0
open_qa,what are add ons,"Add-ons, also known as extensions or plug-ins, are small software programs that can be installed into a larger software application to add specific features or functionality. They are typically designed to enhance or customize the capabilities of the main application.\n\nAdd-ons can be used in a variety of software applications, including web browsers, productivity tools, and media players. For example, you might install an add-on in your web browser to block pop-up ads, or install an add-on in your productivity tool to add a new feature or integration with another service.\n\nAdd-ons can be installed through the main application's interface, or downloaded from the internet and installed manually. Some add-ons are free, while others may require a purchase or subscription fee.",ai,1
open_qa,what are add ons,"Add-ons are additional pieces of software that can be installed into a larger software application to extend its functionality. They can also be called extensions, plugins, or modules. They are usually developed by third-party developers and can be installed into the main application to add new features or capabilities.\n\nAdd-ons are commonly used in web browsers to enhance the user experience or add new features to the browser. For example, a browser add-on might allow you to block ads, translate web pages, or save passwords. Add-ons can also be used in other types of software, such as word processors or productivity tools, to add new features or functionality.\n\nIt's important to be careful when installing add-ons, as they can potentially pose security risks or cause compatibility issues with the main application. It's a good idea to only install add-ons from reputable sources and to be mindful of any permissions the add-on requests before installing it.",ai,1
open_qa,what are add ons,"Add-ons, also known as extensions or plugins, are small software programs that can be added to a web browser or an application to add or modify features or functionality. They are designed to extend the capabilities of the browser or application and can be used to perform a wide range of tasks, such as blocking ads, adding new features, integrating with other services, or changing the appearance of the browser or application. Add-ons are typically developed by third-party developers and are available for download from the internet. Some examples of common add-ons include ad blockers, password managers, and language translation tools.",ai,1
finance,Historical P/E ratios of small-cap vs. large-cap stocks?,"There is most likely an error in the WSJ's data. Yahoo! Finance reports the P/E on the Russell 2000 to be 15 as of 8/31/11 and S&P 500 P/E to be 13 (about the same as WSJ). Good catch, though! E-mail WSJ, perhaps they will be grateful.",human,0
finance,Historical P/E ratios of small-cap vs. large-cap stocks?,"Historical price-to-earnings (P/E) ratios for small-cap and large-cap stocks can vary significantly over time and may not be directly comparable due to the different characteristics of these two categories of stocks.Small-cap stocks, which are defined as stocks with a market capitalization of less than $2 billion, tend to be riskier and more volatile than large-cap stocks, which have a market capitalization of $10 billion or more. As a result, investors may be willing to pay a higher price for the potential growth opportunities offered by small-cap stocks, which can lead to higher P/E ratios.On the other hand, large-cap stocks tend to be more established and stable, with a longer track record of earnings and revenue growth. As a result, these stocks may trade at lower P/E ratios, as investors may be less willing to pay a premium for their growth potential.It is important to note that P/E ratios are just one factor to consider when evaluating a stock and should not be used in isolation. Other factors, such as the company's financial health, industry trends, and macroeconomic conditions, can also impact a stock's P/E ratio.",ai,1
finance,Should you co-sign a personal loan for a friend/family member? Why/why not?,"I know this question has a lot of answers already, but I feel the answers are phrased either strongly against, or mildly for, co-signing. What it amounts down to is that this is a personal choice. You cannot receive reliable information as to whether or not co-signing this loan is a good move due to lack of information. The person involved is going to know the person they would be co-signing for, and the people on this site will only have their own personal preferences of experiences to draw from. You know if they are reliable, if they will be able to pay off the loan without need for the banks to come after you. This site can offer general theories, but I think it should be kept in mind that this is wholly a personal decision for the person involved, and them alone to make based on the facts that they know and we do not.",human,0
finance,Should you co-sign a personal loan for a friend/family member? Why/why not?,"Co-signing a personal loan for a friend or family member can be a risky proposition. When you co-sign a loan, you are agreeing to be responsible for the loan if the borrower is unable to make the payments. This means that if your friend or family member defaults on the loan, you will be on the hook for the remaining balance.There are a few things to consider before co-signing a personal loan for someone:Do you trust the borrower to make the payments on time and in full? If you are not confident that the borrower will be able to make the payments, it may not be a good idea to co-sign the loan.Can you afford to make the payments if the borrower defaults? If you are unable to make the payments, co-signing the loan could put your own financial stability at risk.What is the purpose of the loan? If the borrower is using the loan for a risky or questionable venture, it may not be worth the risk to co-sign.Is there another way for the borrower to get the loan without a co-signer? If the borrower has a good credit score and is able to qualify for a loan on their own, it may not be necessary for you to co-sign.In general, it is important to carefully consider the risks and potential consequences before co-signing a loan for someone. If you do decide to co-sign, it is a good idea to have a conversation with the borrower about their plans for making the loan payments and to have a clear understanding of your responsibilities as a co-signer.",ai,1
finance,Should I avoid credit card use to improve our debt-to-income ratio?,If you pay it off before the cycle closes it will look like you have 100% available credit. So if you credit card statement closes on the 7th pay it off on the 6th in full don't pay it when its due 2/3 weeks later. Then after three months of doing that your credit score will go up based on the fact that your debt ratio is so low. That ratio is 30% of your credit score. It will help quite alot.,human,0
finance,Should I avoid credit card use to improve our debt-to-income ratio?,"It can be a good idea to avoid using credit cards if you are trying to improve your debt-to-income ratio. Your debt-to-income ratio is a measure of how much debt you have compared to your income. It is calculated by dividing your total monthly debt payments by your gross monthly income. A high debt-to-income ratio can make it more difficult to qualify for a loan or mortgage, as it may indicate to lenders that you are carrying too much debt relative to your income.One way to improve your debt-to-income ratio is to pay off your credit card balances. If you are able to pay off your credit card balances, it will reduce the amount of debt you have and, in turn, improve your debt-to-income ratio. Another option is to increase your income, which will also improve your debt-to-income ratio.It is important to note that credit cards can be a useful financial tool if used responsibly. They can help you build a good credit history, earn rewards, and have a convenient way to pay for purchases. However, it is important to use credit cards wisely and only charge what you can afford to pay off each month. If you are unable to pay off your credit card balances in full each month, it can be helpful to avoid using credit cards and focus on paying off your debt.",ai,1
medicine,Does Primolut N taken during pregnancy affect the baby?Hi doctor..I have taken primoult n tablet twice daily for 5 days to delay my periods in the month of march.I was not aware of the pregnancy at that time but now when I tested in April month it is positive in pregnancy.so my question here is does this tablet effect my baby,"Hi, Thanks for the query. I understand your concern. Primolute N-a hormonal preparation of female sex hormone... is contraindicated in pregnancy. It can cause fetal congenital abnormality &so such pregnancy (with intake of pills like promolute n ) needs to be terminated. Thanks.",human,0
medicine,Does Primolut N taken during pregnancy affect the baby?Hi doctor..I have taken primoult n tablet twice daily for 5 days to delay my periods in the month of march.I was not aware of the pregnancy at that time but now when I tested in April month it is positive in pregnancy.so my question here is does this tablet effect my baby,"It is not recommended to use Primolut N during pregnancy, as it can cause harm to the developing baby. Primolut N is a medication that contains the hormone norethisterone, which is used to regulate the menstrual cycle and treat menstrual disorders. When taken during pregnancy, it can interfere with the normal development of the fetus and increase the risk of birth defects. If you are pregnant and have taken Primolut N, it is important to speak with your healthcare provider as soon as possible. They will be able to advise you on the best course of action and provide any necessary medical care to ensure the health and safety of you and your baby.",ai,1
medicine,"Bloating and pain on right lower abdomen. Should i meet doctor?I have m any of the symptom of appendicitis.Bloatng pain on th right lower abdomen pressure on yhe left side brings about the pain ,to mention a few.It is 1'30 am where I am. should I try to reach my doctor or go to th er. I am 77 and otherwise in goodhealth WWW.WWWW.WW","Hello,Thanks for the query to H.C.M. Forum.Pain is on the right side in lower abdominal region, so may be due to .1 Right renal colic , diagnosis can be confirmed by ultrasound of abdomen .2 Amoebic colitis , most possible reason in this age group . Diagnosis can be confirmed by physical examination .3 Appendicitis , a least possible cause in this age group , so need not to worry . In my opinion consult your physician and get his opinion . At least ,if pain is bearable need not to visit E R .Good luck. Dr. HET",human,0
medicine,"Bloating and pain on right lower abdomen. Should i meet doctor?I have m any of the symptom of appendicitis.Bloatng pain on th right lower abdomen pressure on yhe left side brings about the pain ,to mention a few.It is 1'30 am where I am. should I try to reach my doctor or go to th er. I am 77 and otherwise in goodhealth WWW.WWWW.WW","If you are experiencing abdominal pain and bloating, especially if it is severe or accompanied by other symptoms such as fever, vomiting, or diarrhea, it is important to seek medical attention as soon as possible. Appendicitis is a potentially serious condition that requires prompt treatment, and the symptoms you have described could be indicative of appendicitis or another serious condition. If you are unable to reach your doctor or do not have one, it is advisable to go to the nearest emergency department or urgent care center for evaluation and treatment. Do not hesitate to seek medical attention, especially if you are experiencing severe or worsening symptoms. It is better to be safe and get checked out by a medical professional rather than risk worsening your condition.",ai,1
medicine,"Is chest pain related to intake of clindamycin and oxycodone?Hi Dr. Bhatti, I was recently released from the hospital after a hand surgery and they provided me with Clindamycin 300mg and Oxycodone Acetaminophens. Ive taken this combination 3 times now and my chest feels really tight. Is there reason for me to worry?","Hello, The use of Clindamycin can cause stomach pain or a hyperacidity of the stomach. So, I recommend using a medication to lower the acidity production such as Omeprazole daily. I also suggest using Maalox three times a day and avoid food that can trigger the symptoms such as spicy food. Hope I have answered your query. Let me know if I can assist you further. Take care Regards,Dr. Dorina Gurabardhi, General & Family Physician",human,0
medicine,"Is chest pain related to intake of clindamycin and oxycodone?Hi Dr. Bhatti, I was recently released from the hospital after a hand surgery and they provided me with Clindamycin 300mg and Oxycodone Acetaminophens. Ive taken this combination 3 times now and my chest feels really tight. Is there reason for me to worry?","It is possible that chest pain could be related to the use of Clindamycin and Oxycodone. However, it is also important to consider other potential causes of chest pain, such as heart problems or other underlying health conditions. It is important to speak with a healthcare provider if you are experiencing chest pain, as this could be a serious issue that requires medical attention. In the meantime, you should follow the instructions of your healthcare provider and report any adverse effects to them. If you are experiencing difficulty breathing or severe chest pain, you should seek immediate medical attention.",ai,1
reddit_eli5,"Why is every book I hear about a "" NY Times # 1 Best Seller "" ? ELI5 : Why is every book I hear about a "" NY Times # 1 Best Seller "" ? Should n't there only be one "" # 1 "" best seller ? Please explain like I'm five.","Basically there are many categories of "" Best Seller "" . Replace "" Best Seller "" by something like "" Oscars "" and every "" best seller "" book is basically an "" oscar - winning "" book . May not have won the "" Best film "" , but even if you won the best director or best script , you 're still an "" oscar - winning "" film . Same thing for best sellers . Also , IIRC the rankings change every week or something like that . Some you might not be best seller one week , but you may be the next week . I guess even if you do n't stay there for long , you still achieved the status . Hence , # 1 best seller .",human,0
reddit_eli5,"Why is every book I hear about a "" NY Times # 1 Best Seller "" ? ELI5 : Why is every book I hear about a "" NY Times # 1 Best Seller "" ? Should n't there only be one "" # 1 "" best seller ? Please explain like I'm five.","If you 're hearing about it , it 's because it was a very good or very well - publicized book ( or both ) , and almost every good or well - publicized book will be # 1 on the NY Times bestseller list for at least a little bit . Kindof like how almost every big or good movies are # 1 at the box office on their opening weekend .",human,0
reddit_eli5,"Why is every book I hear about a "" NY Times # 1 Best Seller "" ? ELI5 : Why is every book I hear about a "" NY Times # 1 Best Seller "" ? Should n't there only be one "" # 1 "" best seller ? Please explain like I'm five.","One reason is lots of catagories . However , how the NY Times calculates its best seller list is n't comprehensive , and is pretty well understood by publishers . So publishers can [ buy a few books ] ( URL_0 ) in the right bookstores and send a book to the top of the list for at least a week .",human,0
reddit_eli5,"Why is every book I hear about a "" NY Times # 1 Best Seller "" ? ELI5 : Why is every book I hear about a "" NY Times # 1 Best Seller "" ? Should n't there only be one "" # 1 "" best seller ? Please explain like I'm five.","There are many different best seller lists that are published by various organizations, and the New York Times is just one of them. The New York Times best seller list is a weekly list that ranks the best-selling books in the United States based on sales data from a number of different retailers. The list is published in the New York Times newspaper and is widely considered to be one of the most influential best seller lists in the book industry. It's important to note that the New York Times best seller list is not the only best seller list out there, and there are many other lists that rank the top-selling books in different categories or in different countries. So it's possible that a book could be a best seller on one list but not on another. Additionally, the term ""best seller"" is often used more broadly to refer to any book that is selling well, regardless of whether it is on a specific best seller list or not. So it's possible that you may hear about a book being a ""best seller"" even if it is not specifically ranked as a number one best seller on the New York Times list or any other list.",ai,1
reddit_eli5,"If salt is so bad for cars , why do we use it on the roads ? As the title states , why do we use it ? is there no other option or what ? Please explain like I'm five.","salt is good for not dying in car crashes and car crashes are worse for cars then salt . Some places use other things , but salt is really cheap compared to most alternatives , although sand is pretty good .",human,0
reddit_eli5,"If salt is so bad for cars , why do we use it on the roads ? As the title states , why do we use it ? is there no other option or what ? Please explain like I'm five.","In Minnesota and North Dakota , they tend to use sand , not salt . In these states , though , it is cold enough that the salt can not actually melt the snow , and so it refreezes and you end up with black ice on the roads , which is counterproductive . In other states whether there is snow but not so cold , wet asphalt is better than gritty snow for traction and so salt is favored for safety . Most people who live in states where salt is used , and by the way also in coastal cities , know that washing the car a couple times a week is critical .",human,0
reddit_eli5,"If salt is so bad for cars , why do we use it on the roads ? As the title states , why do we use it ? is there no other option or what ? Please explain like I'm five.","Used to work in the salt industry ( yes , it 's a thing ) . Salt is one of the cheapest substances on earth . As in , you 'd be getting ripped off if you paid more than $ 150 per metric ton . ( In fact , the largest component of salt 's price is actually shipping . Yes , it costs more to transport salt than it does to produce it . ) Salt does its job ( lowering the freezing point of water ) incredibly effectively and is ludicrously abundant in nature . Its crystalline structure can also be manipulated in order to have sharper edges that reduce bounce . So that allows it to stick evenly to critical surfaces such as roads . Yes , there are alternatives . Usually salt / gravel mix or sugar beet based solutions . Those have less of an environmental impact when the spring melt washes it into the drain . This is more used in places where balance of water salinity for the safety of aquatic life is important . Propylene glycol , a water displacer , is even used in some places where it 's so cold that salt wo n't work effectively . But salt is by far the cheapest , most effective solution for preventing the icing of roads . And your government wants above all cheap and effective solutions that reduce winter accidents and keep people safe . They do n't care as much about the finish on your 1994 Honda Prelude .",human,0
reddit_eli5,"If salt is so bad for cars , why do we use it on the roads ? As the title states , why do we use it ? is there no other option or what ? Please explain like I'm five.","Salt is used on roads to help melt ice and snow and improve traction during the winter months. When it's cold outside, water can freeze on the roads and make them very slippery, which can be dangerous for cars and people. Salt helps to melt the ice and snow by lowering the freezing point of water, which means that it can help keep the roads clear and safe to travel on. There are other options for melting ice and snow on roads, such as using chemicals like calcium chloride or magnesium chloride, or using mechanical methods like plows or sand. However, salt is often the most effective and affordable option for many communities, especially when it's used in combination with other methods. It's important to note that while salt can be helpful for making roads safer during the winter, it can also have negative effects on the environment and on the cars themselves. Salt can cause corrosion on metal surfaces, including cars, and it can also harm plants and animals if it washes into nearby waterways. However, despite these potential downsides, many communities continue to use salt as a way to keep roads clear and safe during the winter.",ai,1
reddit_eli5,Why do we still have SD TV channels when HD looks like SD on an old TV ? Could n't we just have the HD version of the channels & delete the SD ones ? Please explain like I'm five.,"The way it works is that old TV stations got a certain amount of bandwidth to replace their old analog TV stations . However , HD takes up more bandwidth then SD - so the stations can choose between 2 or 3 HD stations , or like 7 or 8 SD stations ( or a mix of both ) They can do a bunch of SD stations and make more money in advertizing by running 7 or 8 different reruns of old SD TV shows at a time In fact , those stations often got permanent rights to show an unlimited number of reruns of old syndicated shows in perpetuity . That means they do n't even have to pay anyone to air old eppisodes of _ Star Trek _ or _ Alf _ So basically it 's free money for them , based on being around for a long , long time and having their old rights get upgraded as new technology comes out .",human,0
reddit_eli5,Why do we still have SD TV channels when HD looks like SD on an old TV ? Could n't we just have the HD version of the channels & delete the SD ones ? Please explain like I'm five.,HD does n't look like anything at all on an SD TV . An old SD television ca n't even process the HD signal . We still have SD channels because there are still SD televisions out there .,human,0
reddit_eli5,Why do we still have SD TV channels when HD looks like SD on an old TV ? Could n't we just have the HD version of the channels & delete the SD ones ? Please explain like I'm five.,"There are a few reasons why SD channels still exist : 1 ) SD channels typically consume much less bandwidth than HD channels , so it is possible to carry many more SD channels than HD channels over the same coaxial cable or wireless spectrum ( for antenna broadcasts ) . This point does not apply when a television service provider carries both HD and SD versions of the same channel though . 2 ) Broadcasts formatted for HDTVs ( in 16x9 aspect ratio ) will typically have important details / information cut - off if displayed on an older 4:3 television screens . The SD - specific channels are often formatted especially for older 4:3 screens so that important graphics / information / details etc . do n't get cut - off . 3 ) Not all TVs / tuners are capable of receiving HD broadcasts even though they may be capable of receiving digital SD broadcasts . 4 ) With respect to cable TV , some cable companies still carry analog SD channels which can be received by older television sets without the need of a digital - to - analog adapter . If everything was switched to digital / HD , older televisions would need to be outfitted with a special adapter in order to receive service ( which is already the case in some areas ) . 5 ) A few televisions stations ( typically local / low - budget stations ) are still using old cameras , video processing and transmission equipment from the 90s or early 2000s and have n't yet invested in upgrading their equipment to support HD broadcasts .",human,0
reddit_eli5,Why do we still have SD TV channels when HD looks like SD on an old TV ? Could n't we just have the HD version of the channels & delete the SD ones ? Please explain like I'm five.,"There are a few reasons why we still have SD (standard definition) TV channels: 1. Some people still use older TVs that are not compatible with HD (high definition) signals. These TVs can only display SD channels, so if we only had HD channels, those people wouldn't be able to watch TV. 2. HD channels take up more bandwidth than SD channels, so it's not possible to have as many HD channels as we have SD channels. This means that if we only had HD channels, some channels might not be available. 3. HD channels also require more expensive equipment to produce, so some TV stations might not be able to afford to upgrade to HD. Overall, it's important to have both SD and HD channels so that everyone can watch TV, regardless of what kind of TV they have or how much money they have.",ai,1
wiki_csai,"Please explain what is ""Animal cognition""","Animal cognition encompasses the mental capacities of non-human animals including insect cognition. The study of animal conditioning and learning used in this field was developed from comparative psychology. It has also been strongly influenced by research in ethology, behavioral ecology, and evolutionary psychology; the alternative name cognitive ethology is sometimes used. Many behaviors associated with the term animal intelligence are also subsumed within animal cognition. Researchers have examined animal cognition in mammals (especially primates, cetaceans, elephants, dogs, cats, pigs, horses, cattle, raccoons and rodents), birds (including parrots, fowl, corvids and pigeons), reptiles (lizards, snakes, and turtles), fish and invertebrates (including cephalopods, spiders and insects).",human,0
wiki_csai,"Please explain what is ""Animal cognition""","Animal cognition refers to the mental capacities of non-human animals. It includes the ability to process information, perceive and attend to stimuli, learn and remember, solve problems, and make decisions. These cognitive abilities are thought to be mediated by brain functions, and research on animal cognition seeks to understand the neural and psychological mechanisms underlying these abilities. Studies of animal cognition have been conducted in a variety of species, including mammals, birds, reptiles, and fish. These studies have revealed that many animals are capable of sophisticated cognitive abilities, such as problem-solving, learning, and decision-making. For example, some animals are able to use tools, communicate with others, and navigate complex environments. Understanding animal cognition can provide insight into the evolution of cognitive abilities in humans and other animals, and can also inform the development of animal-friendly practices in fields such as animal welfare, conservation, and animal-assisted therapy.",ai,1
wiki_csai,"Please explain what is ""Human intelligence""","Human intelligence is the intellectual capability of humans, which is marked by complex cognitive feats and high levels of motivation and self-awareness. High intelligence is associated with better outcomes in life. Through intelligence, humans possess the cognitive abilities to learn, form concepts, understand, apply logic and reason, including the capacities to recognize patterns, plan, innovate, solve problems, make decisions, retain information, and use language to communicate. There are conflicting ideas about how intelligence is measured, ranging from the idea that intelligence is fixed upon birth, or that it is malleable and can change depending on an individual's mindset and efforts. Several subcategories of intelligence, such as emotional intelligence or social intelligence, are heavily debated as to whether they are traditional forms of intelligence. They are generally thought to be distinct processes that occur, though there is speculation that they tie into traditional intelligence more than previously suspected.",human,0
wiki_csai,"Please explain what is ""Human intelligence""","Human intelligence is the mental ability to think, learn, and understand concepts. It is what enables us to process, analyze, and use information, as well as to reason, plan, solve problems, and make decisions. Intelligence is a complex and multifaceted concept that is difficult to define and measure, but it is generally considered to include a range of cognitive abilities such as verbal and mathematical aptitude, spatial awareness, memory, and problem-solving skills. Intelligence is an important aspect of human behavior that is thought to be influenced by a combination of genetic and environmental factors.",ai,1
wiki_csai,"Please explain what is ""Oxford English Dictionary""","The Oxford English Dictionary (OED) is the first and foundational historical dictionary of the English language, published by Oxford University Press (OUP). It traces the historical development of the English language, providing a comprehensive resource to scholars and academic researchers, as well as describing usage in its many variations throughout the world. Work began on the dictionary in 1857, but it was only in 1884 that it began to be published in unbound fascicles as work continued on the project, under the name of A New English Dictionary on Historical Principles; Founded Mainly on the Materials Collected by The Philological Society. In 1895, the title The Oxford English Dictionary was first used unofficially on the covers of the series, and in 1928 the full dictionary was republished in 10 bound volumes. In 1933, the title The Oxford English Dictionary fully replaced the former name in all occurrences in its reprinting as 12 volumes with a one-volume supplement. More supplements came over the years until 1989, when the second edition was published, comprising 21,728 pages in 20 volumes. Since 2000, compilation of a third edition of the dictionary has been underway, approximately half of which was complete by 2018. The first electronic version of the dictionary was made available in 1988. The online version has been available since 2000, and by April 2014 was receiving over two million visits per month. The third edition of the dictionary is expected to be available exclusively in electronic form; the Chief Executive of Oxford University Press has stated that it is unlikely that it will ever be printed.",human,0
wiki_csai,"Please explain what is ""Oxford English Dictionary""","The Oxford English Dictionary (OED) is a comprehensive dictionary of the English language, published by the Oxford University Press. It is considered to be the most authoritative and comprehensive English language dictionary in the world, and is a valuable resource for language scholars and professionals. The OED is a historical dictionary, meaning that it traces the history and development of words and their meanings over time. It contains over 600,000 main entries, with definitions, etymologies, and quotations illustrating the use of words in context. It also includes information about pronunciation, grammar, and regional variations in language usage. The OED is published in print and online, and is regularly updated to reflect changes in the English language. It is used as a reference work by writers, editors, linguists, and others who are interested in the English language and its usage.",ai,1
